bin_id,start_time_s,end_time_s,label_time_s,x_cm,y_cm,arm,arm_fraction,is_transition
0,0,0.5,0.24,0,0,center,1,False
1,0.5,1,0.74,0,0,center,1,False
2,1,1.5,1.24,0,0,center,1,False
3,1.5,2,1.74,0.270589362034,-0.713986960851,center,1,False
4,2,2.5,2.24,1.28617558139,-3.59633738242,south_closed,0.68,True
5,2.5,3,2.74,2.19917965914,-7.79778212828,south_closed,1,False
6,3,3.5,3.24,2.02363145523,-12.3483989012,south_closed,1,False
7,3.5,4,3.74,0.962226419742,-16.2782654038,south_closed,1,False
8,4,4.5,4.24,0.10458348197,-18.6174593389,south_closed,1,False
9,4.5,5,4.74,0,-18.8928655421,south_closed,1,False
10,5,5.5,5.24,0,-18.8928655421,south_closed,1,False
11,5.5,6,5.74,0,-18.8928655421,south_closed,1,False
12,6,6.5,6.24,0,-18.8928655421,south_closed,1,False
13,6.5,7,6.74,-0.299912422979,-18.1010778807,south_closed,1,False
14,7,7.5,7.24,-1.33261224972,-15.1473411781,south_closed,1,False
15,7.5,8,7.74,-2.2168663983,-10.913307043,south_closed,1,False
16,8,8.5,8.24,-1.99182460476,-6.36889777285,south_closed,1,False
17,8.5,9,8.74,-0.917019178276,-2.48403566482,center,0.64,True
18,9,9.5,9.24,-0.0868349383659,-0.228643016212,center,1,False
19,9.5,10,9.74,0,0,center,1,False
20,10,10.5,10.24,0.0212884479699,0.889185554245,center,1,False
21,10.5,11,10.74,0.11782785473,5.16453261304,north_closed,0.92,True
22,11,11.5,11.24,0.214385792538,11.6358105454,north_closed,1,False
23,11.5,12,11.74,0.209420515253,18.7989571092,north_closed,1,False
24,12,12.5,12.24,0.108615313454,25.1499100622,north_closed,1,False
25,12.5,13,12.74,0.0164592037957,29.1846071622,north_closed,1,False
26,13,13.5,13.24,0,29.8716788378,north_closed,1,False
27,13.5,14,13.74,-0.00552628260104,29.641168264,north_closed,1,False
28,14,14.5,14.24,-0.0817108877903,26.3861770303,north_closed,1,False
29,14.5,15,14.74,-0.190653539458,20.4539550055,north_closed,1,False
30,15,15.5,15.24,-0.224809704829,13.3485644318,north_closed,1,False
31,15.5,16,15.74,-0.145361634264,6.57406755142,north_closed,1,False
32,16,16.5,16.24,-0.0389974066787,1.63452660648,center,0.84,True
33,16.5,17,16.74,0,0,center,1,False
34,17,17.5,17.24,0,0,center,1,False
35,17.5,18,17.74,0,0,center,1,False
36,18,18.5,18.24,0.175062089534,0.0329974783168,center,1,False
37,18.5,19,18.74,3.23304035499,0.595097339586,east_open,0.56,True
38,19,19.5,19.24,8.90822593906,1.39298092828,east_open,1,False
39,19.5,20,19.74,15.6427573426,1.56440495798,east_open,1,False
40,20,20.5,20.24,21.8787730663,0.898777977935,east_open,1,False
41,20.5,21,20.74,26.0584116112,0.164902451668,east_open,1,False
42,21,21.5,21.24,26.9347357074,0,east_open,1,False
43,21.5,22,21.74,25.7169782222,-0.228780176828,east_open,1,False
44,22,22.5,22.24,21.2083193287,-1.00096092088,east_open,1,False
45,22.5,23,22.74,14.8302266362,-1.59577428507,east_open,1,False
46,23,23.5,23.24,8.14056164383,-1.31412417957,east_open,1,False
47,23.5,24,23.74,2.69718585084,-0.500083298212,center,0.56,True
48,24,24.5,24.24,0.0579607563641,-0.0109257072324,center,1,False
49,24.5,25,24.74,0,0,center,1,False
50,25,25.5,25.24,0,0,center,1,False
51,25.5,26,25.74,-1.70806554949,0.557570150195,center,0.8,True
52,26,26.5,26.24,-6.80180384303,1.78381826202,west_open,1,False
53,26.5,27,26.74,-12.8835943078,1.59185830759,west_open,1,False
54,27,27.5,27.24,-17.4833065157,0.337702372209,west_open,1,False
55,27.5,28,27.74,-18.5085621447,0,west_open,1,False
56,28,28.5,28.24,-18.5085621447,0,west_open,1,False
57,28.5,29,28.74,-17.7132723651,-0.262483399342,west_open,1,False
58,29,29.5,29.24,-13.3388360522,-1.50011553526,west_open,1,False
59,29.5,30,29.74,-7.28471104822,-1.84240049323,west_open,1,False
60,30,30.5,30.24,-2.02102778123,-0.656019806887,center,0.72,True
61,30.5,31,30.74,0,0,center,1,False
62,31,31.5,31.24,0,0,center,1,False
63,31.5,32,31.74,0,0,center,1,False
64,32,32.5,32.24,-0.0588454105791,-0.361278435394,center,1,False
65,32.5,33,32.74,-0.352419436147,-2.18953510743,center,0.8,True
66,33,33.5,33.24,-0.790223601449,-5.20017061496,south_closed,1,False
67,33.5,34,33.74,-1.18147514939,-8.98546811817,south_closed,1,False
68,34,34.5,34.24,-1.31739138899,-13.1377107772,south_closed,1,False
69,34.5,35,34.74,-1.11787208647,-17.2491817523,south_closed,1,False
70,35,35.5,35.24,-0.699219518555,-20.9121642036,south_closed,1,False
71,35.5,36,35.74,-0.277547259677,-23.7189412912,south_closed,1,False
72,36,36.5,36.24,-0.0282494279776,-25.2617961753,south_closed,1,False
73,36.5,37,36.74,0,-25.4351878185,south_closed,1,False
74,37,37.5,37.24,0,-25.4351878185,south_closed,1,False
75,37.5,38,37.74,0,-25.4351878185,south_closed,1,False
76,38,38.5,38.24,0,-25.4351878185,south_closed,1,False
77,38.5,39,38.74,0.00853291977233,-25.3828174058,south_closed,1,False
78,39,39.5,39.24,0.209863515652,-24.1416729832,south_closed,1,False
79,39.5,40,39.74,0.608284159766,-21.555062989,south_closed,1,False
80,40,40.5,40.24,1.04516410079,-18.0307042633,south_closed,1,False
81,40.5,41,40.74,1.30325651673,-13.9763136458,south_closed,1,False
82,41,41.5,41.24,1.23441305402,-9.79960797639,south_closed,1,False
83,41.5,42,41.74,0.879472668114,-5.90830409482,south_closed,1,False
84,42,42.5,42.24,0.433373320634,-2.71011884097,center,0.6,True
85,42.5,43,42.74,0.0997463045677,-0.612769054649,center,1,False
86,43,43.5,43.24,0,0,center,1,False
87,43.5,44,43.74,0,0,center,1,False
88,44,44.5,44.24,-0.0073645218746,-4.25579221048e-05,center,1,False
89,44.5,45,44.74,-1.21972205766,-0.00700919004709,center,1,False
90,45,45.5,45.24,-4.06994657058,-0.0220834025978,west_open,0.84,True
91,45.5,46,45.74,-7.92808922328,-0.0357413389091,west_open,1,False
92,46,46.5,46.24,-12.1642011784,-0.0372525969952,west_open,1,False
93,46.5,47,46.74,-16.1483335985,-0.0253175799164,west_open,1,False
94,47,47.5,47.24,-19.2505376464,-0.00959959824913,west_open,1,False
95,47.5,48,47.74,-20.8408644846,-0.000511806168982,west_open,1,False
96,48,48.5,48.24,-20.9294336113,0,west_open,1,False
97,48.5,49,48.74,-20.9129239122,9.54057745256e-05,west_open,1,False
98,49,49.5,49.24,-19.6229566796,0.0075015398869,west_open,1,False
99,49.5,50,49.74,-16.7203204234,0.022737286052,west_open,1,False
100,50,50.5,50.24,-12.8349639809,0.0360874636953,west_open,1,False
101,50.5,51,50.74,-8.59683618956,0.03699516315,west_open,1,False
102,51,51.5,51.24,-4.63588588661,0.0246794387199,west_open,1,False
103,51.5,52,51.74,-1.58206190946,0.00905669615892,center,1,False
104,52,52.5,52.24,-0.0653130954573,0.000377423778004,center,1,False
105,52.5,53,52.74,0,0,center,1,False
106,53,53.5,53.24,-0.0972536655736,1.01984575424,center,0.96,True
107,53.5,54,53.74,-0.520413121016,6.13306417915,north_closed,1,False
108,54,54.5,54.24,-0.680112594783,13.2398082554,north_closed,1,False
109,54.5,55,54.74,-0.302396060956,19.7170179154,north_closed,1,False
110,55,55.5,55.24,-0.00419184174336,22.9416330917,north_closed,1,False
111,55.5,56,55.74,0,22.985448687,north_closed,1,False
112,56,56.5,56.24,0,22.985448687,north_closed,1,False
113,56.5,57,56.74,0,22.985448687,north_closed,1,False
114,57,57.5,57.24,0,22.985448687,north_closed,1,False
115,57.5,58,57.74,0.0853057774265,22.0915657746,north_closed,1,False
116,58,58.5,58.24,0.503435470443,17.1126480252,north_closed,1,False
117,58.5,59,58.74,0.686132164256,10.0352822217,north_closed,1,False
118,59,59.5,59.24,0.320736817222,3.4825284318,north_closed,0.6,True
119,59.5,60,59.74,0.00740924049768,0.0774467228462,center,1,False
120,60,60.5,60.24,0,0,center,1,False
121,60.5,61,60.74,0,0,center,1,False
122,61,61.5,61.24,0.024554481844,-0.728076972052,center,1,False
123,61.5,62,61.74,0.152173069937,-4.86963557393,south_closed,0.88,True
124,62,62.5,62.24,0.242273716482,-11.0121949869,south_closed,1,False
125,62.5,63,62.74,0.163532614819,-17.2317159696,south_closed,1,False
126,63,63.5,63.24,0.031680396593,-21.6041592804,south_closed,1,False
127,63.5,64,63.74,0,-22.5446091386,south_closed,1,False
128,64,64.5,64.24,0,-22.5446091386,south_closed,1,False
129,64.5,65,64.74,0,-22.5446091386,south_closed,1,False
130,65,65.5,65.24,-0.000134506468273,-22.54062766,south_closed,1,False
131,65.5,66,65.74,-0.0778073068912,-20.1999697881,south_closed,1,False
132,66,66.5,66.24,-0.212796702229,-14.8578106996,south_closed,1,False
133,66.5,67,66.74,-0.223770930624,-8.43818963584,south_closed,1,False
134,67,67.5,67.24,-0.0942421823011,-2.86514583832,center,0.52,True
135,67.5,68,67.74,-0.00211879667598,-0.0627185485002,center,1,False
136,68,68.5,68.24,0.00156289391298,9.60349738065e-05,center,1,False
137,68.5,69,68.74,0.977317163345,0.0599134609895,center,1,False
138,69,69.5,69.24,3.45562873667,0.206214114621,east_open,0.64,True
139,69.5,70,69.74,6.99715337298,0.380474124615,east_open,1,False
140,70,70.5,70.24,11.1625468314,0.495852945696,east_open,1,False
141,70.5,71,70.74,15.512464871,0.484830837405,east_open,1,False
142,71,71.5,71.24,19.6075632508,0.354171397575,east_open,1,False
143,71.5,72,71.74,23.00849773,0.178959352515,east_open,1,False
144,72,72.5,72.24,25.2759240677,0.0435008033318,east_open,1,False
145,72.5,73,72.74,25.9847327764,0,east_open,1,False
146,73,73.5,73.24,25.9847327764,0,east_open,1,False
147,73.5,74,73.74,25.7301075997,-0.0156434547495,east_open,1,False
148,74,74.5,74.24,23.9782956631,-0.122083705154,east_open,1,False
149,74.5,75,74.74,20.9348116583,-0.291379931953,east_open,1,False
150,75,75.5,75.24,17.0389998261,-0.44861700626,east_open,1,False
151,75.5,76,75.74,12.7302044075,-0.507984101129,east_open,1,False
152,76,76.5,76.24,8.44776964334,-0.433432976732,east_open,1,False
153,76.5,77,76.74,4.63103977452,-0.269926490445,east_open,1,False
154,77,77.5,77.24,1.71935904197,-0.104890040503,center,1,False
155,77.5,78,77.74,0.152071686585,-0.00934380614846,center,1,False
156,78,78.5,78.24,0,0,center,1,False
157,78.5,79,78.74,0,0,center,1,False
158,79,79.5,79.24,0.0653418055215,-0.557912094045,center,1,False
159,79.5,80,79.74,0.288349039171,-2.49106555168,center,0.68,True
160,80,80.5,80.24,0.605747922028,-5.49165286272,south_closed,1,False
161,80.5,81,80.74,0.907902082951,-9.23021913413,south_closed,1,False
162,81,81.5,81.24,1.0674493271,-13.3773094729,south_closed,1,False
163,81.5,82,81.74,1.0090155278,-17.603468986,south_closed,1,False
164,82,82.5,82.24,0.760815024445,-21.5792427804,south_closed,1,False
165,82.5,83,82.74,0.43465019904,-24.975175963,south_closed,1,False
166,83,83.5,83.24,0.155523507564,-27.461813641,south_closed,1,False
167,83.5,84,83.74,0.00983107532951,-28.7097009211,south_closed,1,False
168,84,84.5,84.24,0,-28.793591558,south_closed,1,False
169,84.5,85,84.74,0,-28.793591558,south_closed,1,False
170,85,85.5,85.24,0,-28.793591558,south_closed,1,False
171,85.5,86,85.74,-0.0384731901827,-28.4652260625,south_closed,1,False
172,86,86.5,86.24,-0.233498072235,-26.7850939627,south_closed,1,False
173,86.5,87,86.74,-0.539378500184,-23.9716370309,south_closed,1,False
174,87,87.5,87.24,-0.855057843639,-20.3543101601,south_closed,1,False
175,87.5,88,87.74,-1.05190862719,-16.2625682434,south_closed,1,False
176,88,88.5,88.24,-1.0383491325,-12.0258661737,south_closed,1,False
177,88.5,89,88.74,-0.820945468333,-7.97365884411,south_closed,1,False
178,89,89.5,89.24,-0.499736090085,-4.43540114766,south_closed,1,False
179,89.5,90,89.74,-0.202752404661,-1.74054797735,center,1,False
180,90,90.5,90.24,-0.0256101219329,-0.218554226208,center,1,False
181,90.5,91,90.74,0,0,center,1,False
182,91,91.5,91.24,0.00423498121117,0.30194088448,center,1,False
183,91.5,92,91.74,0.0451137437679,3.29673498327,north_closed,0.56,True
184,92,92.5,92.24,0.100636214689,8.50685622362,north_closed,1,False
185,92.5,93,92.74,0.118762676111,14.7015673047,north_closed,1,False
186,93,93.5,93.24,0.0799418705263,20.6501309256,north_closed,1,False
187,93.5,94,93.74,0.0245726733602,25.1218097854,north_closed,1,False
188,94,94.5,94.24,1.47029570211e-17,26.8858665833,north_closed,1,False
189,94.5,95,94.74,0,26.8858665833,north_closed,1,False
190,95,95.5,95.24,-0.00155138657078,26.7752774524,north_closed,1,False
191,95.5,96,95.74,-0.0364074850191,24.2491481178,north_closed,1,False
192,96,96.5,96.24,-0.0929261970745,19.3107736735,north_closed,1,False
193,96.5,97,96.74,-0.120006692117,13.1908914203,north_closed,1,False
194,97,97.5,97.24,-0.0887565383219,7.12023865917,north_closed,1,False
195,97.5,98,97.74,-0.0322786695945,2.32955269095,center,0.68,True
196,98,98.5,98.24,-0.000695413814128,0.049570816513,center,1,False
197,98.5,99,98.74,-0.000566612682826,-0.00316925248426,center,1,False
198,99,99.5,99.24,-0.331300397634,-1.88050579435,center,0.8,True
199,99.5,100,99.74,-0.942927598171,-6.22776710238,south_closed,1,False
200,100,100.5,100.24,-1.09667474337,-11.5920562553,south_closed,1,False
201,100.5,101,100.74,-0.579840093032,-16.5204763318,south_closed,1,False
202,101,101.5,101.24,-0.0651716282221,-19.5601304107,south_closed,1,False
203,101.5,102,101.74,0,-19.924857905,south_closed,1,False
204,102,102.5,102.24,0,-19.924857905,south_closed,1,False
205,102.5,103,102.74,0.00225536644937,-19.9122428854,south_closed,1,False
206,103,103.5,103.24,0.354499625098,-17.908213732,south_closed,1,False
207,103.5,104,103.74,0.96276070935,-13.4923756893,south_closed,1,False
208,104,104.5,104.24,1.08626916017,-8.11762567851,south_closed,1,False
209,104.5,105,104.74,0.55390283491,-3.236860621,south_closed,0.56,True
210,105,105.5,105.24,0.0541470205126,-0.302977437982,center,1,False
211,105.5,106,105.74,0,0,center,1,False
212,106,106.5,106.24,0,0,center,1,False
213,106.5,107,106.74,-0.00687127883968,0.0320182414043,center,1,False
214,107,107.5,107.24,-0.230645575637,1.07722104327,center,1,False
215,107.5,108,107.74,-0.706450572912,3.36711202538,north_closed,0.64,True
216,108,108.5,108.24,-1.29504170756,6.5873759907,north_closed,1,False
217,108.5,109,108.74,-1.78484658314,10.4236977422,north_closed,1,False
218,109,109.5,109.24,-1.96626428187,14.5617620829,north_closed,1,False
219,109.5,110,109.74,-1.75471953411,18.6872538156,north_closed,1,False
220,110,110.5,110.24,-1.2484843696,22.4858577435,north_closed,1,False
221,110.5,111,110.74,-0.661867529256,25.6432586694,north_closed,1,False
222,111,111.5,111.24,-0.202151884482,27.8451413964,north_closed,1,False
223,111.5,112,111.74,-0.00248661588065,28.7771907273,north_closed,1,False
224,112,112.5,112.24,0,28.7887776427,north_closed,1,False
225,112.5,113,112.74,0,28.7887776427,north_closed,1,False
226,113,113.5,113.24,0,28.7887776427,north_closed,1,False
227,113.5,114,113.74,0,28.7887776427,north_closed,1,False
228,114,114.5,114.24,0.00440913582493,28.7682323251,north_closed,1,False
229,114.5,115,114.74,0.2161899358,27.7793548065,north_closed,1,False
230,115,115.5,115.24,0.684057283839,25.5332164999,north_closed,1,False
231,115.5,116,115.74,1.27183391693,22.3441326021,north_closed,1,False
232,116,116.5,116.24,1.77003301951,18.5264183102,north_closed,1,False
233,116.5,117,116.74,1.9665922999,14.3943888214,north_closed,1,False
234,117,117.5,117.24,1.77003301951,10.2623593325,north_closed,1,False
235,117.5,118,117.74,1.27183391693,6.44464504064,north_closed,1,False
236,118,118.5,118.24,0.684057283839,3.25556114286,north_closed,0.6,True
237,118.5,119,118.74,0.2161899358,1.00942283618,center,1,False
238,119,119.5,119.24,0.00440913582493,0.0205453176257,center,1,False
239,119.5,120,119.74,0,0,center,1,False
240,120,120.5,120.24,0,0,center,1,False
241,120.5,121,120.74,0.233139025524,0.00690297230827,center,1,False
242,121,121.5,121.24,3.4686386142,0.0992405944396,east_open,0.6,True
243,121.5,122,121.74,9.17538258462,0.211194686912,east_open,1,False
244,122,122.5,122.24,15.637229005,0.201998840724,east_open,1,False
245,122.5,123,122.74,21.1380359436,0.0842821657701,east_open,1,False
246,123,123.5,123.24,23.9616614687,0.00273748040598,east_open,1,False
247,123.5,124,123.74,24.0541043141,0,east_open,1,False
248,124,124.5,124.24,23.6934856895,-0.0106751956121,east_open,1,False
249,124.5,125,124.74,20.1971325272,-0.109448403254,east_open,1,False
250,125,125.5,125.24,14.3668263377,-0.216234986399,east_open,1,False
251,125.5,126,125.74,7.91870905272,-0.194875180286,east_open,1,False
252,126,126.5,126.24,2.56892260411,-0.0746552560069,center,0.6,True
253,126.5,127,126.74,0.0336089235916,-0.000995271285953,center,1,False
254,127,127.5,127.24,0,0,center,1,False
255,127.5,128,127.74,0.0448583975588,-0.138620924263,center,1,False
256,128,128.5,128.24,1.24234247459,-4.13875715172,south_closed,0.68,True
257,128.5,129,128.74,1.96469130105,-11.0485134618,south_closed,1,False
258,129,129.5,129.24,0.690555496919,-17.3195726806,south_closed,1,False
259,129.5,130,129.74,0,-19.4977852409,south_closed,1,False
260,130,130.5,130.24,0,-19.4977852409,south_closed,1,False
261,130.5,131,130.74,-0.931351167292,-16.5053710908,south_closed,1,False
262,131,131.5,131.24,-2.0080212522,-9.89367342331,south_closed,1,False
263,131.5,132,131.74,-0.993439935524,-3.21100941233,south_closed,0.52,True
264,132,132.5,132.24,-0.00184348102229,-0.00569623183662,center,1,False
265,132.5,133,132.74,0,0,center,1,False
266,133,133.5,133.24,0,0,center,1,False
267,133.5,134,133.74,0.0331404661369,-0.569737352264,center,1,False
268,134,134.5,134.24,0.260912695764,-4.72204323334,south_closed,0.84,True
269,134.5,135,134.74,0.480070036139,-11.3091241241,south_closed,1,False
270,135,135.5,135.24,0.407532985642,-18.4288120482,south_closed,1,False
271,135.5,136,135.74,0.142462748882,-24.1789390294,south_closed,1,False
272,136,136.5,136.24,0.000243307212123,-26.6573370913,south_closed,1,False
273,136.5,137,136.74,0,-26.6615167884,south_closed,1,False
274,137,137.5,137.24,0,-26.6615167884,south_closed,1,False
275,137.5,138,137.74,0,-26.6615167884,south_closed,1,False
276,138,138.5,138.24,0,-26.6615167884,south_closed,1,False
277,138.5,139,138.74,-0.0115737506076,-26.4626768293,south_closed,1,False
278,139,139.5,139.24,-0.205237886474,-23.0255861073,south_closed,1,False
279,139.5,140,139.74,-0.45393064003,-16.7732867804,south_closed,1,False
280,140,140.5,140.24,-0.447245935823,-9.60794682484,south_closed,1,False
281,140.5,141,140.74,-0.194367229442,-3.43173421697,south_closed,0.6,True
282,141,141.5,141.24,-0.00854603515139,-0.146816933083,center,1,False
283,141.5,142,141.74,0,0,center,1,False
284,142,142.5,142.24,0,0,center,1,False
285,142.5,143,142.74,0.0276521063486,-0.264539126595,center,1,False
286,143,143.5,143.24,0.376130299876,-3.82946296761,south_closed,0.68,True
287,143.5,144,143.74,0.6575838029,-9.75413997846,south_closed,1,False
288,144,144.5,144.24,0.393685478848,-15.7250866593,south_closed,1,False
289,144.5,145,144.74,0.0347822825121,-19.4288195103,south_closed,1,False
290,145,145.5,145.24,0,-19.7616279927,south_closed,1,False
291,145.5,146,145.74,0,-19.7616279927,south_closed,1,False
292,146,146.5,146.24,-0.173717957808,-18.0802622164,south_closed,1,False
293,146.5,147,146.74,-0.578520957423,-12.9995439863,south_closed,1,False
294,147,147.5,147.24,-0.578520957423,-6.76208400632,south_closed,1,False
295,147.5,148,147.74,-0.173717957808,-1.68136577621,center,0.8,True
296,148,148.5,148.24,0,0,center,1,False
297,148.5,149,148.74,0,0,center,1,False
298,149,149.5,149.24,0,0,center,1,False
299,149.5,150,149.74,-0.00325948402522,-0.864403815158,center,1,False
300,150,150.5,150.24,-0.0172020228479,-4.72883457432,south_closed,0.88,True
301,150.5,151,150.74,-0.0330791461332,-10.6410568237,south_closed,1,False
302,151,151.5,151.24,-0.037436878459,-17.4375526711,south_closed,1,False
303,151.5,152,151.74,-0.0260943468439,-23.9548042244,south_closed,1,False
304,152,152.5,152.24,-0.00951239327772,-29.0292935914,south_closed,1,False
305,152.5,153,152.74,-0.000296364094106,-31.4975028799,south_closed,1,False
306,153,153.5,153.24,0,-31.5760015537,south_closed,1,False
307,153.5,154,153.74,0,-31.5760015537,south_closed,1,False
308,154,154.5,154.24,0,-31.5760015537,south_closed,1,False
309,154.5,155,154.74,0,-31.5760015537,south_closed,1,False
310,155,155.5,155.24,0.00116185858738,-31.2682122873,south_closed,1,False
311,155.5,156,155.74,0.0125586568158,-28.1856655517,south_closed,1,False
312,156,156.5,156.24,0.0292509566467,-22.7295423161,south_closed,1,False
313,156.5,157,156.74,0.0379325414109,-16.0633604726,south_closed,1,False
314,157,157.5,157.24,0.030426233152,-9.35063791341,south_closed,1,False
315,157.5,158,157.74,0.013848911199,-3.75489253072,south_closed,0.68,True
316,158,158.5,158.24,0.00165931397803,-0.43964221666,center,1,False
317,158.5,159,158.74,0,0,center,1,False
318,159,159.5,159.24,0,0,center,1,False
319,159.5,160,159.74,-0.194710339787,-0.0473241332371,center,1,False
320,160,160.5,160.24,-2.85168106061,-0.659898440306,center,0.52,True
321,160.5,161,160.74,-7.38363709993,-1.26249425391,west_open,1,False
322,161,161.5,161.24,-12.2016078489,-0.941411884958,west_open,1,False
323,161.5,162,161.74,-15.7166226985,-0.202180394253,west_open,1,False
324,162,162.5,162.24,-16.551777176,0,west_open,1,False
325,162.5,163,162.74,-16.551777176,0,west_open,1,False
326,163,163.5,163.24,-16.551777176,0,west_open,1,False
327,163.5,164,163.74,-15.6209709051,0.225107634821,west_open,1,False
328,164,164.5,164.24,-12.0233295838,0.970254530131,west_open,1,False
329,164.5,165,164.74,-7.18629118756,1.25352456207,west_open,1,False
330,165,165.5,165.24,-2.69882632529,0.627777166319,center,0.56,True
331,165.5,166,165.74,-0.149905605871,0.0364377702686,center,1,False
332,166,166.5,166.24,0,0,center,1,False
333,166.5,167,166.74,0.0259449381708,-0.00747689915114,center,1,False
334,167,167.5,167.24,2.02016750942,-0.575744324542,center,0.76,True
335,167.5,168,167.74,6.37844584109,-1.64156453244,east_open,1,False
336,168,168.5,168.24,11.9531800495,-2.25460879078,east_open,1,False
337,168.5,169,168.74,17.5967702509,-1.76023645256,east_open,1,False
338,169,169.5,169.24,22.1616165617,-0.69211018558,east_open,1,False
339,169.5,170,169.74,24.500119098,-0.0295258197871,east_open,1,False
340,170,170.5,170.24,24.4219966185,0.0520356893945,east_open,1,False
341,170.5,171,170.74,21.8631549045,0.773455149548,east_open,1,False
342,171,171.5,171.24,17.1697774067,1.8345927617,east_open,1,False
343,171.5,172,171.74,11.489464009,2.2447225,east_open,1,False
344,172,172.5,172.24,5.96981459504,1.55855449461,east_open,1,False
345,172.5,173,172.74,1.75842904847,0.502503365957,center,0.84,True
346,173,173.5,173.24,0.00290725303873,0.000837823428203,center,1,False
347,173.5,174,173.74,0,0,center,1,False
348,174,174.5,174.24,0.334258164404,-0.0636867698738,center,1,False
349,174.5,175,174.74,3.59039373144,-0.658495142615,east_open,0.64,True
350,175,175.5,175.24,9.06942842136,-1.33740124402,east_open,1,False
351,175.5,176,175.74,15.2276822877,-1.28239075215,east_open,1,False
352,176,176.5,176.24,20.5214753841,-0.56576382043,east_open,1,False
353,176.5,177,176.74,23.407127764,-0.0316755827775,east_open,1,False
354,177,177.5,177.24,23.5733347547,0,east_open,1,False
355,177.5,178,177.74,23.5733347547,0,east_open,1,False
356,178,178.5,178.24,22.4201605534,0.218924751778,east_open,1,False
357,178.5,179,178.74,18.1859493723,0.940836330722,east_open,1,False
358,179,179.5,179.24,12.284563849,1.42700409283,east_open,1,False
359,179.5,180,179.74,6.25968393004,1.05941836499,east_open,1,False
360,180,180.5,180.24,1.65498956179,0.312881041975,center,0.84,True
361,180.5,181,180.74,0,0,center,1,False
362,181,181.5,181.24,0,0,center,1,False
363,181.5,182,181.74,0,0,center,1,False
364,182,182.5,182.24,-0.029536448655,-0.660253628869,center,1,False
365,182.5,183,182.74,-0.15992638338,-3.6603299175,south_closed,0.68,True
366,183,183.5,183.24,-0.329067927582,-8.3738671807,south_closed,1,False
367,183.5,184,183.74,-0.426880176846,-14.0148741457,south_closed,1,False
368,184,184.5,184.24,-0.378322182248,-19.7973595399,south_closed,1,False
369,184.5,185,184.74,-0.221603371564,-24.9353320903,south_closed,1,False
370,185,185.5,185.24,-0.0665899189504,-28.6428005244,south_closed,1,False
371,185.5,186,185.74,-0.000108288590767,-30.1337735694,south_closed,1,False
372,186,186.5,186.24,0,-30.1361923265,south_closed,1,False
373,186.5,187,186.74,0.00383077543566,-30.0506261726,south_closed,1,False
374,187,187.5,187.24,0.0925131322912,-28.053474748,south_closed,1,False
375,187.5,188,187.74,0.256470615934,-23.9970261888,south_closed,1,False
376,188,188.5,188.24,0.399589834475,-18.6672717678,south_closed,1,False
377,188.5,189,188.74,0.418038224159,-12.8502027577,south_closed,1,False
378,189,189.5,189.24,0.297209100049,-7.33181043118,south_closed,1,False
379,189.5,190,189.74,0.127783533471,-2.89808606108,center,0.52,True
380,190,190.5,190.24,0.0149959532356,-0.335020920093,center,1,False
381,190.5,191,190.74,0,0,center,1,False
382,191,191.5,191.24,0,0,center,1,False
383,191.5,192,191.74,0,0,center,1,False
384,192,192.5,192.24,0.0494799002978,0.658254168016,center,1,False
385,192.5,193,192.74,0.239881005188,3.24636548899,north_closed,0.56,True
386,193,193.5,193.24,0.500240500008,7.2855898007,north_closed,1,False
387,193.5,194,193.74,0.70456224196,12.2262630915,north_closed,1,False
388,194,194.5,194.24,0.733640023667,17.5187213498,north_closed,1,False
389,194.5,195,194.74,0.569205335516,22.6133005639,north_closed,1,False
390,195,195.5,195.24,0.310362427595,26.9603367221,north_closed,1,False
391,195.5,196,195.74,0.0904137180284,30.0101658129,north_closed,1,False
392,196,196.5,196.24,0.000145102484317,31.2131238245,north_closed,1,False
393,196.5,197,196.74,0,31.2150527787,north_closed,1,False
394,197,197.5,197.24,-0.0273102339907,30.851916883,north_closed,1,False
395,197.5,198,197.74,-0.192997840035,28.6199878416,north_closed,1,False
396,198,198.5,198.24,-0.448103825227,24.8270130071,north_closed,1,False
397,198.5,199,198.74,-0.674840644317,20.0226563911,north_closed,1,False
398,199,199.5,199.24,-0.744684813357,14.7565820054,north_closed,1,False
399,199.5,200,199.74,-0.61399726216,9.57845386157,north_closed,1,False
400,200,200.5,200.24,-0.362940147449,5.03793597123,north_closed,1,False
401,200.5,201,200.74,-0.126121944173,1.68469234605,center,0.96,True
402,201,201.5,201.24,-0.00514426147469,0.068386997673,center,1,False
403,201.5,202,201.74,0,0,center,1,False
404,202,202.5,202.24,0,0,center,1,False
405,202.5,203,202.74,-0.690243461025,-0.236477021728,center,1,False
406,203,203.5,203.24,-3.96809182532,-1.08084129333,west_open,0.76,True
407,203.5,204,203.74,-7.99524662879,-0.845050209122,west_open,1,False
408,204,204.5,204.24,-10.5678654033,-0.055010483324,west_open,1,False
409,204.5,205,204.74,-10.7274000903,0,west_open,1,False
410,205,205.5,205.24,-10.7274000903,0,west_open,1,False
411,205.5,206,205.74,-10.6972515254,0.0103994255199,west_open,1,False
412,206,206.5,206.24,-8.56187509655,0.697909485421,west_open,1,False
413,206.5,207,206.74,-4.61934784386,1.14998334087,west_open,0.92,True
414,207,207.5,207.24,-1.07351223543,0.364231480554,center,1,False
415,207.5,208,207.74,0,0,center,1,False
416,208,208.5,208.24,0,0,center,1,False
417,208.5,209,208.74,0.000919748561083,0.0190979007111,center,1,False
418,209,209.5,209.24,0.0453719490014,0.943506879314,center,1,False
419,209.5,210,209.74,0.145194181916,3.06225197135,north_closed,0.52,True
420,210,210.5,210.24,0.276227644131,6.10633855666,north_closed,1,False
421,210.5,211,210.74,0.400483118393,9.80677201513,north_closed,1,False
422,211,211.5,211.24,0.474565390061,13.8945577266,north_closed,1,False
423,211.5,212,211.74,0.469530226567,18.1007010709,north_closed,1,False
424,212,212.5,212.24,0.387412514106,22.156207428,north_closed,1,False
425,212.5,213,212.74,0.25999991713,25.7920821776,north_closed,1,False
426,213,213.5,213.24,0.130962406466,28.7393306997,north_closed,1,False
427,213.5,214,213.74,0.0367686973185,30.728958374,north_closed,1,False
428,214,214.5,214.24,5.78988700848e-05,31.4919705805,north_closed,1,False
429,214.5,215,214.74,0,31.4931728072,north_closed,1,False
430,215,215.5,215.24,0,31.4931728072,north_closed,1,False
431,215.5,216,215.74,-0.00460019599156,31.3976517416,north_closed,1,False
432,216,216.5,216.24,-0.0614921779528,30.2128559707,north_closed,1,False
433,216.5,217,216.74,-0.169927024801,27.8875230104,north_closed,1,False
434,217,217.5,217.24,-0.303037548357,24.6906474808,north_closed,1,False
435,217.5,218,217.74,-0.420587796778,20.8912240021,north_closed,1,False
436,218,218.5,218.24,-0.480324796132,16.7582471945,north_closed,1,False
437,218.5,219,218.74,-0.458605039337,12.560711678,north_closed,1,False
438,219,219.5,219.24,-0.364184787784,8.56761207284,north_closed,1,False
439,219.5,220,219.74,-0.232962807295,5.04794299911,north_closed,1,False
440,220,220.5,220.24,-0.108423433027,2.27069907697,center,0.8,True
441,220.5,221,220.74,-0.0243043459459,0.504874926565,center,1,False
442,221,221.5,221.24,0,0,center,1,False
443,221.5,222,221.74,0.00050080526883,-0.00485818133153,center,1,False
444,222,222.5,222.24,0.283752594037,-2.82157697728,center,0.52,True
445,222.5,223,222.74,0.714819825563,-9.07665650435,south_closed,1,False
446,223,223.5,223.24,0.608467571887,-16.2041559184,south_closed,1,False
447,223.5,224,223.74,0.145802862686,-21.6381343754,south_closed,1,False
448,224,224.5,224.24,0,-23.0614309703,south_closed,1,False
449,224.5,225,224.74,0,-23.0614309703,south_closed,1,False
450,225,225.5,225.24,0,-23.0614309703,south_closed,1,False
451,225.5,226,225.74,-0.103468508598,-22.0545557831,south_closed,1,False
452,226,226.5,226.24,-0.556481089713,-16.9962310657,south_closed,1,False
453,226.5,227,226.74,-0.738937828456,-9.93647248993,south_closed,1,False
454,227,227.5,227.24,-0.34188707285,-3.44122089985,south_closed,0.6,True
455,227.5,228,227.74,-0.00787731356678,-0.0764171395923,center,1,False
456,228,228.5,228.24,0,0,center,1,False
457,228.5,229,228.74,0,0,center,1,False
458,229,229.5,229.24,-0.0581254207704,0.36619859945,center,1,False
459,229.5,230,229.74,-0.671419112216,4.48176285991,north_closed,0.76,True
460,230,230.5,230.24,-1.20590550007,11.2538802186,north_closed,1,False
461,230.5,231,230.74,-0.823317854644,18.2675024045,north_closed,1,False
462,231,231.5,231.24,-0.136404671899,23.1075811463,north_closed,1,False
463,231.5,232,231.74,0,23.9684460329,north_closed,1,False
464,232,232.5,232.24,0,23.9684460329,north_closed,1,False
465,232.5,233,232.74,0,23.9684460329,north_closed,1,False
466,233,233.5,233.24,0,23.9684460329,north_closed,1,False
467,233.5,234,233.74,0.175822338574,22.8572404626,north_closed,1,False
468,234,234.5,234.24,0.881178243705,17.7544044688,north_closed,1,False
469,234.5,235,234.74,1.19355624938,10.6712288928,north_closed,1,False
470,235,235.5,235.24,0.609575178757,4.02276200556,north_closed,0.68,True
471,235.5,236,235.74,0.0355715469608,0.224052078275,center,1,False
472,236,236.5,236.24,0,0,center,1,False
473,236.5,237,236.74,0,0,center,1,False
474,237,237.5,237.24,-0.000727788822286,0.00949209709775,center,1,False
475,237.5,238,237.74,-0.120885958319,1.58333006081,center,0.92,True
476,238,238.5,238.24,-0.389295506089,5.32908854688,north_closed,1,False
477,238.5,239,238.74,-0.663146440372,10.4926284851,north_closed,1,False
478,239,239.5,239.24,-0.760031997369,16.3198108051,north_closed,1,False
479,239.5,240,239.74,-0.607225101488,22.0564964366,north_closed,1,False
480,240,240.5,240.24,-0.31757898814,26.9485463095,north_closed,1,False
481,240.5,241,240.74,-0.0749494244271,30.2418213534,north_closed,1,False
482,241,241.5,241.24,0,31.2209231249,north_closed,1,False
483,241.5,242,241.74,0,31.2209231249,north_closed,1,False
484,242,242.5,242.24,0.0557038302755,30.493764134,north_closed,1,False
485,242.5,243,242.74,0.282737192581,27.4430202151,north_closed,1,False
486,243,243.5,243.24,0.576016870842,22.7030047788,north_closed,1,False
487,243.5,244,243.74,0.754235396851,17.0278568954,north_closed,1,False
488,244,244.5,244.24,0.687223116263,11.171715635,north_closed,1,False
489,244.5,245,244.74,0.425544844398,5.88872006814,north_closed,1,False
490,245,245.5,245.24,0.147277116029,1.93300926491,center,0.8,True
491,245.5,246,245.74,0.0045023968593,0.0587222956047,center,1,False
492,246,246.5,246.24,0,0,center,1,False
493,246.5,247,246.74,0,0,center,1,False
494,247,247.5,247.24,-0.00995967947784,0.052627380255,center,1,False
495,247.5,248,247.74,-0.465478188924,2.48567630197,center,0.64,True
496,248,248.5,248.24,-1.30711591566,7.64583497004,north_closed,1,False
497,248.5,249,248.74,-1.85684699143,14.2821356109,north_closed,1,False
498,249,249.5,249.24,-1.57912452706,21.143610451,north_closed,1,False
499,249.5,250,249.74,-0.752941865405,26.9792917168,north_closed,1,False
500,250,250.5,250.24,-0.101309128365,30.5382116347,north_closed,1,False
501,250.5,251,250.74,0,31.0737926375,north_closed,1,False
502,251,251.5,251.24,0,31.0737926375,north_closed,1,False
503,251.5,252,251.74,0,31.0737926375,north_closed,1,False
504,252,252.5,252.24,0.00063005874936,31.0704633953,north_closed,1,False
505,252.5,253,252.74,0.380570625913,29.0487326775,north_closed,1,False
506,253,253.5,253.24,1.20594003967,24.1497760805,north_closed,1,False
507,253.5,254,253.74,1.83034847776,17.624561378,north_closed,1,False
508,254,254.5,254.24,1.65462950482,10.7240563433,north_closed,1,False
509,254.5,255,254.74,0.856248025045,4.69922875018,north_closed,0.84,True
510,255,255.5,255.24,0.151432282865,0.801046372076,center,1,False
511,255.5,256,255.74,0,0,center,1,False
512,256,256.5,256.24,0,0,center,1,False
513,256.5,257,256.74,0,0,center,1,False
514,257,257.5,257.24,-0.454001835079,-0.0506280010885,center,1,False
515,257.5,258,257.74,-2.72548634609,-0.298701309334,center,0.6,True
516,258,258.5,258.24,-6.40006065683,-0.646035112988,west_open,1,False
517,258.5,259,258.74,-10.9073630601,-0.898635435332,west_open,1,False
518,259,259.5,259.24,-15.6770318487,-0.88674952625,west_open,1,False
519,259.5,260,259.74,-20.1387053153,-0.618852946829,west_open,1,False
520,260,260.5,260.24,-23.7220217529,-0.273124010153,west_open,1,False
521,260.5,261,260.74,-25.8566194542,-0.0390358319382,west_open,1,False
522,261,261.5,261.24,-26.2065994816,0,west_open,1,False
523,261.5,262,261.74,-26.2065994816,0,west_open,1,False
524,262,262.5,262.24,-25.9477191471,0.0288786535878,west_open,1,False
525,262.5,263,262.74,-23.9536585704,0.24831604186,west_open,1,False
526,263,263.5,263.24,-20.4652503209,0.5911742102,west_open,1,False
527,263.5,264,263.74,-16.0528561057,0.873121271458,west_open,1,False
528,264,264.5,264.24,-11.2868376321,0.908718938503,west_open,1,False
529,264.5,265,264.74,-6.73755660718,0.672604184466,west_open,1,False
530,265,265.5,265.24,-2.97537473821,0.324968503787,center,0.52,True
531,265.5,266,265.74,-0.570653732401,0.0636182138194,center,1,False
532,266,266.5,266.24,0,0,center,1,False
533,266.5,267,266.74,0,0,center,1,False
534,267,267.5,267.24,0,0,center,1,False
535,267.5,268,267.74,0.0239125298951,0.367169253465,center,1,False
536,268,268.5,268.24,0.166260794258,2.5962614176,center,0.64,True
537,268.5,269,268.74,0.370739780974,6.31019498673,north_closed,1,False
538,269,269.5,269.24,0.514064623187,10.8850870176,north_closed,1,False
539,269.5,270,269.74,0.492279022843,15.6970545669,north_closed,1,False
540,270,270.5,270.24,0.32202723185,20.1222146914,north_closed,1,False
541,270.5,271,270.74,0.122798980946,23.5366844477,north_closed,1,False
542,271,271.5,271.24,0.00797702876883,25.3165808927,north_closed,1,False
543,271.5,272,271.74,0,25.4390283184,north_closed,1,False
544,272,272.5,272.24,0,25.4390283184,north_closed,1,False
545,272.5,273,272.74,0,25.4390283184,north_closed,1,False
546,273,273.5,273.24,-0.0348695375385,24.9034106702,north_closed,1,False
547,273.5,274,273.74,-0.189538014049,22.4631965181,north_closed,1,False
548,274,274.5,274.24,-0.393879393223,18.6130069141,north_closed,1,False
549,274.5,275,274.74,-0.521198436555,13.9767248017,north_closed,1,False
550,275,275.5,275.24,-0.477894465568,9.17823312393,north_closed,1,False
551,275.5,276,275.74,-0.296954612867,4.84141482422,north_closed,1,False
552,276,276.5,276.24,-0.102932377809,1.59015284583,center,1,False
553,276.5,277,276.74,-0.00314864322776,0.0483301320059,center,1,False
554,277,277.5,277.24,0,0,center,1,False
555,277.5,278,277.74,0.295027737158,-1.23553659435,center,1,False
556,278,278.5,278.24,1.06147605738,-4.64824397973,south_closed,0.92,True
557,278.5,279,278.74,1.84547129314,-9.45647449419,south_closed,1,False
558,279,279.5,279.24,2.06529694165,-14.8762263798,south_closed,1,False
559,279.5,280,279.74,1.53800931504,-20.1234978787,south_closed,1,False
560,280,280.5,280.24,0.688440421482,-24.4142872329,south_closed,1,False
561,280.5,281,280.74,0.0905496082346,-26.9645926846,south_closed,1,False
562,281,281.5,281.24,0,-27.3426487856,south_closed,1,False
563,281.5,282,281.74,0,-27.3426487856,south_closed,1,False
564,282,282.5,282.24,-0.228830067868,-26.3856272478,south_closed,1,False
565,282.5,283,282.74,-0.956954090907,-23.193067556,south_closed,1,False
566,283,283.5,283.24,-1.77109366804,-18.5109045242,south_closed,1,False
567,283.5,284,283.74,-2.08111272388,-13.1231399103,south_closed,1,False
568,284,284.5,284.24,-1.63054967947,-7.81377547223,south_closed,1,False
569,284.5,285,284.74,-0.786683106312,-3.36681296781,south_closed,0.6,True
570,285,285.5,285.24,-0.135572584271,-0.566254155001,center,1,False
571,285.5,286,285.74,0,0,center,1,False
572,286,286.5,286.24,0,0,center,1,False
573,286.5,287,286.74,0.0197146603344,1.45283203846,center,0.88,True
574,287,287.5,287.24,0.0779855863651,6.36372739757,north_closed,1,False
575,287.5,288,287.74,0.109187055569,13.0001055517,north_closed,1,False
576,288,288.5,288.24,0.0708302631787,19.5263465061,north_closed,1,False
577,288.5,289,288.74,0.0145108652421,24.1068302662,north_closed,1,False
578,289,289.5,289.24,0,25.1734772277,north_closed,1,False
579,289.5,290,289.74,0,25.1734772277,north_closed,1,False
580,290,290.5,290.24,-0.000861307047623,25.1103514798,north_closed,1,False
581,290.5,291,290.74,-0.0387921239042,22.2670984827,north_closed,1,False
582,291,291.5,291.24,-0.096400322471,16.523565894,north_closed,1,False
583,291.5,292,291.74,-0.102387744273,9.7153737084,north_closed,1,False
584,292,292.5,292.24,-0.0484422928536,3.67814192055,north_closed,0.64,True
585,292.5,293,292.74,-0.00337633461822,0.24749052515,center,1,False
586,293,293.5,293.24,0,0,center,1,False
587,293.5,294,293.74,0,0,center,1,False
588,294,294.5,294.24,-0.777497501592,-0.236367446029,center,0.96,True
589,294.5,295,294.74,-6.75563962866,-1.12696223022,west_open,1,False
590,295,295.5,295.24,-11.7167065356,-0.0407367842397,west_open,1,False
591,295.5,296,295.74,-11.8497851778,0,west_open,1,False
592,296,296.5,296.24,-11.8497851778,0,west_open,1,False
593,296.5,297,296.74,-11.6441099666,0.062941226341,west_open,1,False
594,297,297.5,297.24,-6.47962801559,1.14239220229,west_open,1,False
595,297.5,298,297.74,-0.637095917874,0.194136115125,center,1,False
596,298,298.5,298.24,0,0,center,1,False
597,298.5,299,298.74,0.027468432463,1.70183608263,center,0.84,True
598,299,299.5,299.24,0.0989060086808,6.56986522773,north_closed,1,False
599,299.5,300,299.74,0.156197703593,13.2475026838,north_closed,1,False
600,300,300.5,300.24,0.141818074493,20.3638330637,north_closed,1,False
601,300.5,301,300.74,0.0710444020717,26.5479409803,north_closed,1,False
602,301,301.5,301.24,0.0106382911959,30.4289110468,north_closed,1,False
603,301.5,302,301.74,0,31.0852541532,north_closed,1,False
604,302,302.5,302.24,-0.00356706419432,30.8653227674,north_closed,1,False
605,302.5,303,302.74,-0.053216508611,27.7410979947,north_closed,1,False
606,303,303.5,303.24,-0.127665015673,21.9847156787,north_closed,1,False
607,303.5,304,303.74,-0.16022450704,14.9670912067,north_closed,1,False
608,304,304.5,304.24,-0.116740509376,8.05913996566,north_closed,1,False
609,304.5,305,304.74,-0.0421867308931,2.63177734263,center,0.6,True
610,305,305.5,305.24,-0.000907014899829,0.0559187246948,center,1,False
611,305.5,306,305.74,0,0,center,1,False
612,306,306.5,306.24,0.35940413147,1.51914680552,center,0.92,True
613,306.5,307,306.74,1.24375704219,5.62881401243,north_closed,1,False
614,307,307.5,307.24,1.96426766567,11.2330122202,north_closed,1,False
615,307.5,308,307.74,1.82883385531,17.2328215751,north_closed,1,False
616,308,308.5,308.24,0.97584131692,22.5293222239,north_closed,1,False
617,308.5,309,308.74,0.186657744168,26.0235943128,north_closed,1,False
618,309,309.5,309.24,0,26.8095183484,north_closed,1,False
619,309.5,310,309.74,0,26.8095183484,north_closed,1,False
620,310,310.5,310.24,0,26.8095183484,north_closed,1,False
621,310.5,311,310.74,-0.0330572351947,26.6705211044,north_closed,1,False
622,311,311.5,311.24,-0.609915608773,24.2048379984,north_closed,1,False
623,311.5,312,311.74,-1.53397207914,19.4973583912,north_closed,1,False
624,312,312.5,312.24,-2.02882076429,13.6470021363,north_closed,1,False
625,312.5,313,312.74,-1.60050626186,7.75268908722,north_closed,1,False
626,313,313.5,313.24,-0.679518923006,2.91333909756,center,0.52,True
627,313.5,314,313.74,-0.0541899728961,0.227872020828,center,1,False
628,314,314.5,314.24,0,0,center,1,False
629,314.5,315,314.74,0,0,center,1,False
630,315,315.5,315.24,0,0,center,1,False
631,315.5,316,315.74,-0.190005820855,-0.671882555782,center,1,False
632,316,316.5,316.24,-1.05784352004,-3.91277532785,south_closed,0.72,True
633,316.5,317,316.74,-1.95719932319,-8.8459627867,south_closed,1,False
634,317,317.5,317.24,-1.97937947274,-14.3580931647,south_closed,1,False
635,317.5,318,317.74,-1.09976864249,-19.3358146943,south_closed,1,False
636,318,318.5,318.24,-0.213452143164,-22.6657756077,south_closed,1,False
637,318.5,319,318.74,0,-23.4208359318,south_closed,1,False
638,319,319.5,319.24,0,-23.4208359318,south_closed,1,False
639,319.5,320,319.74,0,-23.4208359318,south_closed,1,False
640,320,320.5,320.24,0,-23.4208359318,south_closed,1,False
641,320.5,321,320.74,0,-23.4208359318,south_closed,1,False
642,321,321.5,321.24,0.442292089054,-21.847298767,south_closed,1,False
643,321.5,322,321.74,1.43084183224,-17.868921784,south_closed,1,False
644,322,322.5,322.24,2.09614577824,-12.5990567506,south_closed,1,False
645,322.5,323,322.74,1.72847000255,-7.15105543445,south_closed,1,False
646,323,323.5,323.24,0.731606697269,-2.63826960305,center,0.6,True
647,323.5,324,323.74,0.0492831823766,-0.174051024066,center,1,False
648,324,324.5,324.24,0,0,center,1,False
649,324.5,325,324.74,0,0,center,1,False
650,325,325.5,325.24,-0.110290774558,-0.745065217068,center,1,False
651,325.5,326,325.74,-0.618711721952,-4.81499222911,south_closed,0.88,True
652,326,326.5,326.24,-0.714956496754,-10.362870089,south_closed,1,False
653,326.5,327,326.74,-0.213987967922,-15.0049071066,south_closed,1,False
654,327,327.5,327.24,0,-16.4644232987,south_closed,1,False
655,327.5,328,327.74,0,-16.4644232987,south_closed,1,False
656,328,328.5,328.24,0.253913837961,-14.7230221501,south_closed,1,False
657,328.5,329,328.74,0.73834885843,-9.92079433085,south_closed,1,False
658,329,329.5,329.24,0.57974937479,-4.40342900464,south_closed,0.8,True
659,329.5,330,329.74,0.08223747101,-0.554717861428,center,1,False
660,330,330.5,330.24,0,0,center,1,False
661,330.5,331,330.74,-0.000188311915607,0.00601596448513,center,1,False
662,331,331.5,331.24,-0.0319229955847,1.02172222991,center,1,False
663,331.5,332,331.74,-0.107572798491,3.51273313746,north_closed,0.68,True
664,332,332.5,332.24,-0.202841784382,7.09485476992,north_closed,1,False
665,332.5,333,332.74,-0.280133162311,11.3838932101,north_closed,1,False
666,333,333.5,333.24,-0.3030413886,15.9956545407,north_closed,1,False
667,333.5,334,333.74,-0.259864479405,20.5459448445,north_closed,1,False
668,334,334.5,334.24,-0.172322135171,24.6505702044,north_closed,1,False
669,334.5,335,334.74,-0.0797671102368,27.9253367031,north_closed,1,False
670,335,335.5,335.24,-0.0162002291957,29.9860504234,north_closed,1,False
671,335.5,336,335.74,0,30.5038413721,north_closed,1,False
672,336,336.5,336.24,0,30.5038413721,north_closed,1,False
673,336.5,337,336.74,0,30.5038413721,north_closed,1,False
674,337,337.5,337.24,0.00771688099971,30.2572851818,north_closed,1,False
675,337.5,338,337.74,0.0608972053642,28.5451121833,north_closed,1,False
676,338,338.5,338.24,0.149061643614,25.5266798662,north_closed,1,False
677,338.5,339,338.74,0.241519915097,21.5861821477,north_closed,1,False
678,339,339.5,339.24,0.298397518096,17.1078129452,north_closed,1,False
679,339.5,340,339.74,0.291593995514,12.4757661757,north_closed,1,False
680,340,340.5,340.24,0.224602323476,8.0742357566,north_closed,1,False
681,340.5,341,340.74,0.129886022904,4.28741560504,north_closed,0.92,True
682,341,341.5,341.24,0.0467510377327,1.49949963826,center,1,False
683,341.5,342,341.74,0.00296368516785,0.0946817734771,center,1,False
684,342,342.5,342.24,0,0,center,1,False
685,342.5,343,342.74,0,0,center,1,False
686,343,343.5,343.24,-1.27477910465,0.271347928016,center,0.96,True
687,343.5,344,343.74,-5.68345355889,1.12905942252,west_open,1,False
688,344,344.5,344.24,-11.8890645494,1.81561096309,west_open,1,False
689,344.5,345,344.74,-18.465471968,1.57076952851,west_open,1,False
690,345,345.5,345.24,-23.9865357065,0.679187152072,west_open,1,False
691,345.5,346,345.74,-27.026115657,0.0460634965367,west_open,1,False
692,346,346.5,346.24,-27.2417632535,0,west_open,1,False
693,346.5,347,346.74,-26.1993346983,-0.222155354346,west_open,1,False
694,347,347.5,347.24,-21.9960244196,-1.05352107157,west_open,1,False
695,347.5,348,347.74,-15.8816863961,-1.7898278737,west_open,1,False
696,348,348.5,348.24,-9.28246073575,-1.62537972588,west_open,1,False
697,348.5,349,348.74,-3.62448754679,-0.751939868667,west_open,0.64,True
698,349,349.5,349.24,-0.333906937315,-0.0713140587971,center,1,False
699,349.5,350,349.74,0,0,center,1,False
700,350,350.5,350.24,0,0,center,1,False
701,350.5,351,350.74,0.0126050009725,0.128229977494,center,1,False
702,351,351.5,351.24,0.143866452862,1.46908035745,center,1,False
703,351.5,352,351.74,0.383874559047,4.01831556417,north_closed,0.84,True
704,352,352.5,352.24,0.663868462362,7.46449620933,north_closed,1,False
705,352.5,353,352.74,0.884842866232,11.4961829046,north_closed,1,False
706,353,353.5,353.24,0.954942659977,15.8019362616,north_closed,1,False
707,353.5,354,353.74,0.842747834537,20.0703168919,north_closed,1,False
708,354,354.5,354.24,0.598035877985,23.9898854074,north_closed,1,False
709,354.5,355,354.74,0.319414447446,27.2492024195,north_closed,1,False
710,355,355.5,355.24,0.100606455383,29.5368285401,north_closed,1,False
711,355.5,356,355.74,0.00204820712517,30.5413243806,north_closed,1,False
712,356,356.5,356.24,0,30.5621600909,north_closed,1,False
713,356.5,357,356.74,0,30.5621600909,north_closed,1,False
714,357,357.5,357.24,-0.0490936190716,30.0625282615,north_closed,1,False
715,357.5,358,357.74,-0.22984112228,28.2009512243,north_closed,1,False
716,358,358.5,358.24,-0.496165455079,25.2555651156,north_closed,1,False
717,358.5,359,358.74,-0.765251049974,21.5378093238,north_closed,1,False
718,359,359.5,359.24,-0.9345780557,17.3591232372,north_closed,1,False
719,359.5,360,359.74,-0.930845808433,13.0309462443,north_closed,1,False
720,360,360.5,360.24,-0.755737414288,8.86471773326,north_closed,1,False
721,360.5,361,360.74,-0.484796989847,5.17187709254,north_closed,1,False
722,361,361.5,361.24,-0.220540959081,2.26386371044,center,0.8,True
723,361.5,362,361.74,-0.0444283676622,0.452116975312,center,1,False
724,362,362.5,362.24,0,0,center,1,False
725,362.5,363,362.74,0,0,center,1,False
726,363,363.5,363.24,0.02653129712,0.270233832138,center,1,False
727,363.5,364,363.74,0.204273162345,2.10993018172,center,0.84,True
728,364,364.5,364.24,0.471636747146,5.25227380416,north_closed,1,False
729,364.5,365,364.74,0.678250563497,9.18034117848,north_closed,1,False
730,365,365.5,365.24,0.682918004224,13.3772087837,north_closed,1,False
731,365.5,366,365.74,0.482223048589,17.3259530989,north_closed,1,False
732,366,366.5,366.24,0.214044837358,20.509650603,north_closed,1,False
733,366.5,367,366.74,0.0306615260269,22.4113777751,north_closed,1,False
734,367,367.5,367.24,0,22.7237043449,north_closed,1,False
735,367.5,368,367.74,0,22.7237043449,north_closed,1,False
736,368,368.5,368.24,0,22.7237043449,north_closed,1,False
737,368.5,369,368.74,0,22.7237043449,north_closed,1,False
738,369,369.5,369.24,0,22.7237043449,north_closed,1,False
739,369.5,370,369.74,-0.09380566994,21.7656727527,north_closed,1,False
740,370,370.5,370.24,-0.329363928677,19.2361936567,north_closed,1,False
741,370.5,371,370.74,-0.588980448176,15.652190578,north_closed,1,False
742,371,371.5,371.24,-0.710118580099,11.5305870374,north_closed,1,False
743,371.5,372,371.74,-0.605799549316,7.38830655599,north_closed,1,False
744,372,372.5,372.24,-0.351321060798,3.74227265472,north_closed,0.72,True
745,372.5,373,372.74,-0.108519382112,1.10940885455,center,1,False
746,373,373.5,373.24,-0.000651930413861,0.00663867647204,center,1,False
747,373.5,374,373.74,0,0,center,1,False
748,374,374.5,374.24,0,0,center,1,False
749,374.5,375,374.74,0.0102804868672,-0.096274111962,center,1,False
750,375,375.5,375.24,0.323073131445,-3.07731780298,south_closed,0.52,True
751,375.5,376,375.74,0.830092299408,-9.03724657265,south_closed,1,False
752,376,376.5,376.24,1.02278677082,-16.3571011391,south_closed,1,False
753,376.5,377,376.74,0.676015039158,-23.4179222204,south_closed,1,False
754,377,377.5,377.24,0.182886991092,-28.6007505348,south_closed,1,False
755,377.5,378,377.74,0,-30.3225288413,south_closed,1,False
756,378,378.5,378.24,0,-30.3225288413,south_closed,1,False
757,378.5,379,378.74,0,-30.3225288413,south_closed,1,False
758,379,379.5,379.24,0,-30.3225288413,south_closed,1,False
759,379.5,380,379.74,-0.0147372580528,-30.1845158005,south_closed,1,False
760,380,380.5,380.24,-0.342475249782,-27.0532326881,south_closed,1,False
761,380.5,381,380.74,-0.84730963147,-21.0078228684,south_closed,1,False
762,381,381.5,381.24,-1.01836442468,-13.6672456231,south_closed,1,False
763,381.5,382,381.74,-0.655296896325,-6.65046023424,south_closed,1,False
764,382,382.5,382.24,-0.167591649253,-1.57642598362,center,0.84,True
765,382.5,383,382.74,0,0,center,1,False
766,383,383.5,383.24,0,0,center,1,False
767,383.5,384,383.74,0.0186650461486,-0.115953273506,center,1,False
768,384,384.5,384.24,0.213690837283,-1.33187226376,center,1,False
769,384.5,385,384.74,0.573678917031,-3.6538293367,south_closed,0.76,True
770,385,385.5,385.24,1.00419899026,-6.81073672697,south_closed,1,False
771,385.5,386,385.74,1.36664482834,-10.5315066692,south_closed,1,False
772,386,386.5,386.24,1.52303695636,-14.545051398,south_closed,1,False
773,386.5,387,386.74,1.40843050878,-18.5802831481,south_closed,1,False
774,387,387.5,387.24,1.07072225151,-22.366114154,south_closed,1,False
775,387.5,388,387.74,0.640997806874,-25.6314566504,south_closed,1,False
776,388,388.5,388.24,0.262061764582,-28.105222872,south_closed,1,False
777,388.5,389,388.74,0.0362160636516,-29.5163250533,south_closed,1,False
778,389,389.5,389.24,0,-29.7413264527,south_closed,1,False
779,389.5,390,389.74,0,-29.7413264527,south_closed,1,False
780,390,390.5,390.24,-0.0092144698422,-29.6840842831,south_closed,1,False
781,390.5,391,390.74,-0.180225871533,-28.6191069606,south_closed,1,False
782,391,391.5,391.24,-0.524419134143,-26.4155610236,south_closed,1,False
783,391.5,392,391.74,-0.953133572044,-23.3445342374,south_closed,1,False
784,392,392.5,392.24,-1.33171033922,-19.6771143674,south_closed,1,False
785,392.5,393,392.74,-1.51831219261,-15.6843891789,south_closed,1,False
786,393,393.5,393.24,-1.43592246578,-11.6374464374,south_closed,1,False
787,393.5,394,393.74,-1.11909229838,-7.80737390817,south_closed,1,False
788,394,394.5,394.24,-0.692435809874,-4.46525935661,south_closed,1,False
789,394.5,395,394.74,-0.300992435042,-1.88219054806,center,0.96,True
790,395,395.5,395.24,-0.0529909933746,-0.329255247905,center,1,False
791,395.5,396,395.74,0,0,center,1,False
792,396,396.5,396.24,0.0392441555108,0.185783918307,center,1,False
793,396.5,397,396.74,0.381224821199,1.82378345467,center,0.96,True
794,397,397.5,397.24,0.934545176055,4.75944312215,north_closed,1,False
795,397.5,398,397.74,1.41138415679,8.51214805736,north_closed,1,False
796,398,398.5,398.24,1.50672088464,12.6012833969,north_closed,1,False
797,398.5,399,398.74,1.15389052845,16.5462342775,north_closed,1,False
798,399,399.5,399.24,0.590396732242,19.8663858357,north_closed,1,False
799,399.5,400,399.74,0.138081487877,22.0811232081,north_closed,1,False
800,400,400.5,400.24,0,22.7356283739,north_closed,1,False
801,400.5,401,400.74,0,22.7356283739,north_closed,1,False
802,401,401.5,401.24,0,22.7356283739,north_closed,1,False
803,401.5,402,401.74,-0.00531116852382,22.7104877309,north_closed,1,False
804,402,402.5,402.24,-0.25519799035,21.5219592147,north_closed,1,False
805,402.5,403,402.74,-0.772684009493,18.9011984057,north_closed,1,False
806,403,403.5,403.24,-1.30553233241,15.3288201673,north_closed,1,False
807,403.5,404,403.74,-1.52877484265,11.2854393627,north_closed,1,False
808,404,404.5,404.24,-1.28817776355,7.25167085536,north_closed,1,False
809,404.5,405,404.74,-0.749543858196,3.70812950868,north_closed,0.72,True
810,405,405.5,405.24,-0.238886618665,1.13543018603,center,1,False
811,405.5,406,405.74,-0.00299728365384,0.0141877507668,center,1,False
812,406,406.5,406.24,-0.000894230868445,-0.00423721052755,center,1,False
813,406.5,407,406.74,-0.504433894105,-2.45398836868,center,0.64,True
814,407,407.5,407.24,-1.24776189095,-7.86310934372,south_closed,1,False
815,407.5,408,407.74,-1.01257301495,-13.955161815,south_closed,1,False
816,408,408.5,408.24,-0.208351213848,-18.4537074617,south_closed,1,False
817,408.5,409,408.74,0,-19.4451904432,south_closed,1,False
818,409,409.5,409.24,0.0690797696556,-19.1177111321,south_closed,1,False
819,409.5,410,409.74,0.781883770455,-15.4732851433,south_closed,1,False
820,410,410.5,410.24,1.30600220436,-9.59794960014,south_closed,1,False
821,410.5,411,410.74,0.747018096553,-3.76814282345,south_closed,0.64,True
822,411,411.5,411.24,0.0549187977066,-0.260303133842,center,1,False
823,411.5,412,411.74,0,0,center,1,False
824,412,412.5,412.24,0.622562735907,-0.0880369201425,center,1,False
825,412.5,413,412.74,3.04482752614,-0.420590330112,east_open,0.52,True
826,413,413.5,413.24,6.76505947333,-0.846592899466,east_open,1,False
827,413.5,414,413.74,11.2139747367,-1.11264810672,east_open,1,False
828,414,414.5,414.24,15.8222894755,-1.0316729248,east_open,1,False
829,414.5,415,414.74,20.0207198489,-0.66274540254,east_open,1,False
830,415,415.5,415.24,23.2399820162,-0.250628624727,east_open,1,False
831,415.5,416,415.74,24.9107921367,-0.0162281308673,east_open,1,False
832,416,416.5,416.24,25.0254383117,0,east_open,1,False
833,416.5,417,416.74,25.0090429371,0.00232083872271,east_open,1,False
834,417,417.5,417.24,23.716237287,0.184490215637,east_open,1,False
835,417.5,418,417.74,20.7611228218,0.575212864044,east_open,1,False
836,418,418.5,418.24,16.7129833823,0.974447272401,east_open,1,False
837,418.5,419,418.74,12.1411028093,1.12637496061,east_open,1,False
838,419,419.5,419.24,7.61476494361,0.921080113695,east_open,1,False
839,419.5,420,419.74,3.70325362592,0.505533015454,east_open,0.72,True
840,420,420.5,420.24,0.975852697039,0.137791166509,center,1,False
841,420.5,421,420.74,0,0,center,1,False
842,421,421.5,421.24,0,0,center,1,False
843,421.5,422,421.74,0,0,center,1,False
844,422,422.5,422.24,0.00072387192862,0.0125229219343,center,1,False
845,422.5,423,422.74,0.058644994656,1.01667573629,center,1,False
846,423,423.5,423.24,0.190722390481,3.37676851066,north_closed,0.64,True
847,423.5,424,423.74,0.354705470444,6.73784314031,north_closed,1,False
848,424,424.5,424.24,0.4859747754,10.7449415205,north_closed,1,False
849,424.5,425,424.74,0.522964148296,15.0431055466,north_closed,1,False
850,425,425.5,425.24,0.446906160769,19.2773771139,north_closed,1,False
851,425.5,426,425.74,0.295734434585,23.0927981176,north_closed,1,False
852,426,426.5,426.24,0.13674484003,26.134410453,north_closed,1,False
853,426.5,427,426.74,0.0277582392894,28.0472560154,north_closed,1,False
854,427,427.5,427.24,0,28.5276951231,north_closed,1,False
855,427.5,428,427.74,0,28.5276951231,north_closed,1,False
856,428,428.5,428.24,0,28.5276951231,north_closed,1,False
857,428.5,429,428.74,0,28.5276951231,north_closed,1,False
858,429,429.5,429.24,0,28.5276951231,north_closed,1,False
859,429.5,430,429.74,-0.0368851951048,27.8890582873,north_closed,1,False
860,430,430.5,430.24,-0.154094359664,25.8220189242,north_closed,1,False
861,430.5,431,430.74,-0.31565283374,22.6688077606,north_closed,1,False
862,431,431.5,431.24,-0.461186602054,18.7843829014,north_closed,1,False
863,431.5,432,431.74,-0.524680793189,14.5237024512,north_closed,1,False
864,432,432.5,432.24,-0.474242354687,10.2417245146,north_closed,1,False
865,432.5,433,432.74,-0.335351652776,6.29340719656,north_closed,1,False
866,433,433.5,433.24,-0.172115897355,3.03370860161,north_closed,0.52,True
867,433.5,434,433.74,-0.047195779278,0.817586834522,center,1,False
868,434,434.5,434.24,-6.42811833657e-17,0,center,1,False
869,434.5,435,434.74,0,0,center,1,False
870,435,435.5,435.24,-0.0473621972163,-1.00118075509,center,1,False
871,435.5,436,435.74,-0.209867035855,-4.58484421649,south_closed,0.88,True
872,436,436.5,436.24,-0.398178681131,-9.92391763733,south_closed,1,False
873,436.5,437,436.74,-0.478562724498,-16.1227836914,south_closed,1,False
874,437,437.5,437.24,-0.385371796083,-22.2858250523,south_closed,1,False
875,437.5,438,437.74,-0.194268760825,-27.517424394,south_closed,1,False
876,438,438.5,438.24,-0.0386773699251,-30.9219643902,south_closed,1,False
877,438.5,439,438.74,0,-31.7391113087,south_closed,1,False
878,439,439.5,439.24,0,-31.7391113087,south_closed,1,False
879,439.5,440,439.74,0,-31.7391113087,south_closed,1,False
880,440,440.5,440.24,0.0473621972163,-30.7379305537,south_closed,1,False
881,440.5,441,440.74,0.209867035855,-27.1542670923,south_closed,1,False
882,441,441.5,441.24,0.398178681131,-21.8151936714,south_closed,1,False
883,441.5,442,441.74,0.478562724498,-15.6163276174,south_closed,1,False
884,442,442.5,442.24,0.385371796083,-9.45328625642,south_closed,1,False
885,442.5,443,442.74,0.194268760825,-4.22168691474,south_closed,0.8,True
886,443,443.5,443.24,0.0386773699251,-0.817146918585,center,1,False
887,443.5,444,443.74,0,0,center,1,False
888,444,444.5,444.24,0,0,center,1,False
889,444.5,445,444.74,0,0,center,1,False
890,445,445.5,445.24,-0.197291131096,0.957089904773,center,1,False
891,445.5,446,445.74,-0.908305359953,4.5958596635,north_closed,0.88,True
892,446,446.5,446.24,-1.66275902054,9.98177136872,north_closed,1,False
893,446.5,447,446.74,-1.81123349656,16.0748595761,north_closed,1,False
894,447,447.5,447.24,-1.21086745787,21.8351588413,north_closed,1,False
895,447.5,448,447.74,-0.409707385382,26.2227037199,north_closed,1,False
896,448,448.5,448.24,-0.00525782862251,28.1975287677,north_closed,1,False
897,448.5,449,448.74,0,28.2229871218,north_closed,1,False
898,449,449.5,449.24,0,28.2229871218,north_closed,1,False
899,449.5,450,449.74,0,28.2229871218,north_closed,1,False
900,450,450.5,450.24,0,28.2229871218,north_closed,1,False
901,450.5,451,450.74,0.0811303628653,27.8300299388,north_closed,1,False
902,451,451.5,451.24,0.677127539296,24.8668217328,north_closed,1,False
903,451.5,452,451.74,1.48765777239,19.8652812558,north_closed,1,False
904,452,452.5,452.24,1.8546705987,13.8653739522,north_closed,1,False
905,452.5,453,452.74,1.43019389839,7.90706526643,north_closed,1,False
906,453,453.5,453.24,0.614041946285,3.03032064276,north_closed,0.52,True
907,453.5,454,453.74,0.0568078194001,0.275105525543,center,1,False
908,454,454.5,454.24,0,0,center,1,False
909,454.5,455,454.74,0,0,center,1,False
910,455,455.5,455.24,0.016377863651,-0.229117110435,center,1,False
911,455.5,456,455.74,0.207355920546,-2.94739660813,center,0.52,True
912,456,456.5,456.24,0.502320385049,-7.90429203984,south_closed,1,False
913,456.5,457,456.74,0.677393230464,-14.0537211934,south_closed,1,False
914,457,457.5,457.24,0.57382716287,-20.3496018567,south_closed,1,False
915,457.5,458,457.74,0.287671168251,-25.7458518175,south_closed,1,False
916,458,458.5,458.24,0.0502917635582,-29.1963888637,south_closed,1,False
917,458.5,459,458.74,0,-29.9005165642,south_closed,1,False
918,459,459.5,459.24,0,-29.9005165642,south_closed,1,False
919,459.5,460,459.74,0,-29.9005165642,south_closed,1,False
920,460,460.5,460.24,0,-29.9005165642,south_closed,1,False
921,460.5,461,460.74,0,-29.9005165642,south_closed,1,False
922,461,461.5,461.24,-0.0443900235461,-29.2791437301,south_closed,1,False
923,461.5,462,461.74,-0.275805962654,-25.9281937105,south_closed,1,False
924,462,462.5,462.24,-0.56442262595,-20.5896874878,south_closed,1,False
925,462.5,463,462.74,-0.678869320366,-14.3097072742,south_closed,1,False
926,463,463.5,463.24,-0.513265415723,-8.13433528173,south_closed,1,False
927,463.5,464,463.74,-0.218373143668,-3.10965372267,south_closed,0.52,True
928,464,464.5,464.24,-0.0201388268135,-0.281744809141,center,1,False
929,464.5,465,464.74,0,0,center,1,False
930,465,465.5,465.24,0,0,center,1,False
931,465.5,466,465.74,0.0355681574856,-0.258221736275,center,1,False
932,466,466.5,466.24,0.306455009077,-2.25032472602,center,0.76,True
933,466.5,467,466.74,0.733289037745,-5.74423816112,south_closed,1,False
934,467,467.5,467.24,1.09449547621,-10.1795850097,south_closed,1,False
935,467.5,468,467.74,1.1601371822,-14.99598824,south_closed,1,False
936,468,468.5,468.24,0.884680880255,-19.63307082,south_closed,1,False
937,468.5,469,468.74,0.451651586525,-23.5304557181,south_closed,1,False
938,469,469.5,469.24,0.105534332233,-26.1277659022,south_closed,1,False
939,469.5,470,469.74,0,-26.8948458475,south_closed,1,False
940,470,470.5,470.24,0,-26.8948458475,south_closed,1,False
941,470.5,471,470.74,0,-26.8948458475,south_closed,1,False
942,471,471.5,471.24,-0.0202092347659,-26.7481436236,south_closed,1,False
943,471.5,472,471.74,-0.262419218868,-24.9739152239,south_closed,1,False
944,472,472.5,472.24,-0.680370306574,-21.6306311349,south_closed,1,False
945,472.5,473,472.74,-1.06323350873,-17.2786683887,south_closed,1,False
946,473,473.5,473.24,-1.17183240371,-12.4784040169,south_closed,1,False
947,473.5,474,473.74,-0.931107725225,-7.79021505154,south_closed,1,False
948,474,474.5,474.24,-0.503301936612,-3.77447852439,south_closed,0.72,True
949,474.5,475,474.74,-0.13629720852,-0.991571467297,center,1,False
950,475,475.5,475.24,0,0,center,1,False
951,475.5,476,475.74,0,0,center,1,False
952,476,476.5,476.24,0,0,center,1,False
953,476.5,477,476.74,-0.42247691882,0.0216324830802,center,1,False
954,477,477.5,477.24,-4.00009516725,0.198035569825,west_open,0.72,True
955,477.5,478,477.74,-9.97764413994,0.410094611747,west_open,1,False
956,478,478.5,478.24,-16.8361803405,0.430877106223,west_open,1,False
957,478.5,479,478.74,-23.0567602726,0.235589161282,west_open,1,False
958,479,479.5,479.24,-27.1204404399,0.0394443219206,west_open,1,False
959,479.5,480,479.74,-27.8914561586,0,west_open,1,False
960,480,480.5,480.24,-27.6648864962,-0.0116043794325,west_open,1,False
961,480.5,481,480.74,-24.4773329376,-0.170603981927,west_open,1,False
962,481,481.5,481.24,-18.7075754353,-0.390906443299,west_open,1,False
963,481.5,482,481.74,-11.8745574854,-0.442447613576,west_open,1,False
964,482,482.5,482.24,-5.49722258449,-0.263934515207,west_open,1,False
965,482.5,483,482.74,-1.09451422883,-0.0559226902596,center,1,False
966,483,483.5,483.24,0,0,center,1,False
967,483.5,484,483.74,0.00231795850536,0.0154818592329,center,1,False
968,484,484.5,484.24,0.370160682751,2.50310735026,center,0.6,True
969,484.5,485,484.74,1.06232136897,8.10326802849,north_closed,1,False
970,485,485.5,485.24,1.37307154873,15.1777874796,north_closed,1,False
971,485.5,486,485.74,0.929316521542,22.0884892893,north_closed,1,False
972,486,486.5,486.24,0.253691495555,27.1971970432,north_closed,1,False
973,486.5,487,486.74,0,28.901354835,north_closed,1,False
974,487,487.5,487.24,-0.0204841473873,28.7645343409,north_closed,1,False
975,487.5,488,487.74,-0.474080794683,25.6688177649,north_closed,1,False
976,488,488.5,488.24,-1.15732390854,19.722674228,north_closed,1,False
977,488.5,489,488.74,-1.34851595868,12.5642801444,north_closed,1,False
978,489,489.5,489.24,-0.815828881413,5.83181192863,north_closed,1,False
979,489.5,490,489.74,-0.173728343252,1.16344599486,center,0.96,True
980,490,490.5,490.24,0,0,center,1,False
981,490.5,491,490.74,0,0,center,1,False
982,491,491.5,491.24,0.1535075645,-0.630396100814,center,1,False
983,491.5,492,491.74,1.0032176107,-4.31238125778,south_closed,0.8,True
984,492,492.5,492.24,1.87946755614,-10.0521929359,south_closed,1,False
985,492.5,493,492.74,1.81015999134,-16.42078494,south_closed,1,False
986,493,493.5,493.24,0.878880874373,-21.9891110747,south_closed,1,False
987,493.5,494,493.74,0.0961725934343,-25.3281251448,south_closed,1,False
988,494,494.5,494.24,0,-25.7228315147,south_closed,1,False
989,494.5,495,494.74,0,-25.7228315147,south_closed,1,False
990,495,495.5,495.24,0,-25.7228315147,south_closed,1,False
991,495.5,496,495.74,-0.1535075645,-25.0924354139,south_closed,1,False
992,496,496.5,496.24,-1.0032176107,-21.4104502569,south_closed,1,False
993,496.5,497,496.74,-1.87946755614,-15.6706385788,south_closed,1,False
994,497,497.5,497.24,-1.81015999134,-9.30204657474,south_closed,1,False
995,497.5,498,497.74,-0.878880874373,-3.73372044003,south_closed,0.68,True
996,498,498.5,498.24,-0.0961725934343,-0.394706369921,center,1,False
997,498.5,499,498.74,0,0,center,1,False
998,499,499.5,499.24,0,0,center,1,False
999,499.5,500,499.74,-0.015953520718,0.0821757191177,center,1,False
1000,500,500.5,500.24,-0.51067062853,2.66070758962,center,0.56,True
1001,500.5,501,500.74,-1.38969959303,7.94260567255,north_closed,1,False
1002,501,501.5,501.24,-1.95728329577,14.6877937237,north_closed,1,False
1003,501.5,502,501.74,-1.67100809185,21.6561954988,north_closed,1,False
1004,502,502.5,502.24,-0.812861809419,27.6077347536,north_closed,1,False
1005,502.5,503,502.74,-0.120472010864,31.3023352439,north_closed,1,False
1006,503,503.5,503.24,0,31.9232596072,north_closed,1,False
1007,503.5,504,503.74,0,31.9232596072,north_closed,1,False
1008,504,504.5,504.24,0.0228803592752,31.8054027609,north_closed,1,False
1009,504.5,505,504.74,0.542033454899,29.094926778,north_closed,1,False
1010,505,505.5,505.24,1.42371947276,23.7306876325,north_closed,1,False
1011,505.5,506,505.74,1.96338725271,16.9527615685,north_closed,1,False
1012,506,506.5,506.24,1.64300692677,10.0012248303,north_closed,1,False
1013,506.5,507,506.74,0.77743992248,4.11615366221,north_closed,0.76,True
1014,507,507.5,507.24,0.104326352094,0.537624308359,center,1,False
1015,507.5,508,507.74,0,0,center,1,False
1016,508,508.5,508.24,-0.0224263378598,0.00652181907434,center,1,False
1017,508.5,509,508.74,-1.09120753504,0.316288988074,center,1,False
1018,509,509.5,509.24,-3.47988951403,0.978364154945,west_open,0.68,True
1019,509.5,510,509.74,-6.79796908496,1.73326055604,west_open,1,False
1020,510,510.5,510.24,-10.6549430579,2.21157142107,west_open,1,False
1021,510.5,511,510.74,-14.6603082431,2.14076462892,west_open,1,False
1022,511,511.5,511.24,-18.4235614505,1.56290258604,west_open,1,False
1023,511.5,512,511.74,-21.5541994903,0.798629765363,west_open,1,False
1024,512,512.5,512.24,-23.6617191725,0.203176922671,west_open,1,False
1025,512.5,513,512.74,-24.3613238607,0,west_open,1,False
1026,513,513.5,513.24,-24.3613238607,0,west_open,1,False
1027,513.5,514,513.74,-24.3613238607,0,west_open,1,False
1028,514,514.5,514.24,-23.7192158209,-0.186518829872,west_open,1,False
1029,514.5,515,514.74,-21.6607433392,-0.769579249185,west_open,1,False
1030,515,515.5,515.24,-18.5635323725,-1.5333060305,west_open,1,False
1031,515.5,516,515.74,-14.8180861106,-2.12589906445,west_open,1,False
1032,516,516.5,516.24,-10.8149077433,-2.22019418774,west_open,1,False
1033,516.5,517,516.74,-6.94450046059,-1.76021012711,west_open,1,False
1034,517,517.5,517.24,-3.59736745234,-1.00903187863,west_open,0.72,True
1035,517.5,518,517.74,-1.16401190842,-0.337237777371,center,1,False
1036,518,518.5,518.24,-0.0349370187219,-0.0101600387588,center,1,False
1037,518.5,519,518.74,0,0,center,1,False
1038,519,519.5,519.24,0.0400893539565,0.201473597019,center,1,False
1039,519.5,520,519.74,0.80600799622,4.43467736674,north_closed,0.76,True
1040,520,520.5,520.24,1.15036588164,11.3924875289,north_closed,1,False
1041,520.5,521,520.74,0.32636780329,17.3930035532,north_closed,1,False
1042,521,521.5,521.24,0,19.0535701475,north_closed,1,False
1043,521.5,522,521.74,0,19.0535701475,north_closed,1,False
1044,522,522.5,522.24,-0.578498596339,16.0221387109,north_closed,1,False
1045,522.5,523,522.74,-1.20668602574,9.38244475458,north_closed,1,False
1046,523,523.5,523.24,-0.540581278046,2.81638880885,center,0.52,True
1047,523.5,524,523.74,0,0,center,1,False
1048,524,524.5,524.24,0,0,center,1,False
1049,524.5,525,524.74,-0.108258920226,-1.07119629444,center,1,False
1050,525,525.5,525.24,-0.433186617446,-4.43462562535,south_closed,0.88,True
1051,525.5,526,525.74,-0.802518072812,-9.34072374185,south_closed,1,False
1052,526,526.5,526.24,-0.968278662911,-15.0181562511,south_closed,1,False
1053,526.5,527,526.74,-0.802518072812,-20.6955887604,south_closed,1,False
1054,527,527.5,527.24,-0.433186617446,-25.6016868769,south_closed,1,False
1055,527.5,528,527.74,-0.108258920226,-28.9651162078,south_closed,1,False
1056,528,528.5,528.24,0,-30.0363125023,south_closed,1,False
1057,528.5,529,528.74,0,-30.0363125023,south_closed,1,False
1058,529,529.5,529.24,0,-30.0363125023,south_closed,1,False
1059,529.5,530,529.74,0,-30.0363125023,south_closed,1,False
1060,530,530.5,530.24,0,-30.0363125023,south_closed,1,False
1061,530.5,531,530.74,0.0659306391008,-29.3848043932,south_closed,1,False
1062,531,531.5,531.24,0.357340213401,-26.4224689465,south_closed,1,False
1063,531.5,532,531.74,0.737147693817,-21.7631978357,south_closed,1,False
1064,532,532.5,532.24,0.961158555012,-16.1783254536,south_closed,1,False
1065,532.5,533,532.74,0.859336678257,-10.4391861928,south_closed,1,False
1066,533,533.5,533.24,0.511160650521,-5.31711444637,south_closed,1,False
1067,533.5,534,533.74,0.159631755406,-1.58344460692,center,0.92,True
1068,534,534.5,534.24,0.000963236215749,-0.00951106728605,center,1,False
1069,534.5,535,534.74,0,0,center,1,False
1070,535,535.5,535.24,0.000795038736373,-0.0182987252985,center,1,False
1071,535.5,536,535.74,0.0636111337134,-1.46929441375,center,1,False
1072,536,536.5,536.24,0.20140824924,-4.81745841367,south_closed,1,False
1073,536.5,537,536.74,0.353284794459,-9.46619691641,south_closed,1,False
1074,537,537.5,537.24,0.435208398314,-14.8189161134,south_closed,1,False
1075,537.5,538,537.74,0.394951676979,-20.2790221959,south_closed,1,False
1076,538,538.5,538.24,0.258737138764,-25.2499213553,south_closed,1,False
1077,538.5,539,538.74,0.106968549143,-29.135019783,south_closed,1,False
1078,539,539.5,539.24,0.0123606529779,-31.3377236703,south_closed,1,False
1079,539.5,540,539.74,0,-31.6222559623,south_closed,1,False
1080,540,540.5,540.24,0,-31.6222559623,south_closed,1,False
1081,540.5,541,540.74,-0.0216854016278,-31.1229371718,south_closed,1,False
1082,541,541.5,541.24,-0.128891308678,-28.6109590541,south_closed,1,False
1083,541.5,542,541.74,-0.283865644762,-24.5120414054,south_closed,1,False
1084,542,542.5,542.24,-0.409480352365,-19.4227780344,south_closed,1,False
1085,542.5,543,542.74,-0.429795066514,-13.9397627496,south_closed,1,False
1086,543,543.5,543.24,-0.33151642425,-8.6595893598,south_closed,1,False
1087,543.5,544,543.74,-0.176391067941,-4.17885167356,south_closed,0.84,True
1088,544,544.5,544.24,-0.0474445556026,-1.09414349954,center,1,False
1089,544.5,545,544.74,0,0,center,1,False
1090,545,545.5,545.24,0,0,center,1,False
1091,545.5,546,545.74,-0.0259257747347,1.09765963807,center,1,False
1092,546,546.5,546.24,-0.0937326699336,4.36913708181,north_closed,0.88,True
1093,546.5,547,546.74,-0.133771218237,8.74990943466,north_closed,1,False
1094,547,547.5,547.24,-0.0964274642688,13.1524326681,north_closed,1,False
1095,547.5,548,547.74,-0.0281586211282,16.4891627535,north_closed,1,False
1096,548,548.5,548.24,0,17.6827408748,north_closed,1,False
1097,548.5,549,548.74,0,17.6827408748,north_closed,1,False
1098,549,549.5,549.24,0,17.6827408748,north_closed,1,False
1099,549.5,550,549.74,0,17.6827408748,north_closed,1,False
1100,550,550.5,550.24,0.0159395223468,17.0105574619,north_closed,1,False
1101,550.5,551,550.74,0.0796882032103,14.0914442834,north_closed,1,False
1102,551,551.5,551.24,0.131665432822,9.84552739007,north_closed,1,False
1103,551.5,552,551.74,0.109008008339,5.36035081048,north_closed,1,False
1104,552,552.5,552.24,0.0403286317376,1.72345857315,center,0.88,True
1105,552.5,553,552.74,0.000532309898812,0.0223947066358,center,1,False
1106,553,553.5,553.24,0,0,center,1,False
1107,553.5,554,553.74,-0.0270595942055,0.671394305245,center,1,False
1108,554,554.5,554.24,-0.118395243823,2.98178165707,center,0.52,True
1109,554.5,555,554.74,-0.244109043806,6.53254660758,north_closed,1,False
1110,555,555.5,555.24,-0.35314647026,10.8989023079,north_closed,1,False
1111,555.5,556,555.74,-0.391831311814,15.6560619092,north_closed,1,False
1112,556,556.5,556.24,-0.339243398885,20.3792385625,north_closed,1,False
1113,556.5,557,556.74,-0.223591770456,24.6436454191,north_closed,1,False
1114,557,557.5,557.24,-0.100422808185,28.0244956301,north_closed,1,False
1115,557.5,558,557.74,-0.0179520324646,30.0970023465,north_closed,1,False
1116,558,558.5,558.24,0,30.5422242747,north_closed,1,False
1117,558.5,559,558.74,0,30.5422242747,north_closed,1,False
1118,559,559.5,559.24,0,30.5422242747,north_closed,1,False
1119,559.5,560,559.74,0,30.5422242747,north_closed,1,False
1120,560,560.5,560.24,0,30.5422242747,north_closed,1,False
1121,560.5,561,560.74,0.0378642713244,29.6020293826,north_closed,1,False
1122,561,561.5,561.24,0.137298439033,27.0646359387,north_closed,1,False
1123,561.5,562,561.74,0.264211563204,23.354830792,north_closed,1,False
1124,562,562.5,562.24,0.365174222728,18.8974007913,north_closed,1,False
1125,562.5,563,562.74,0.389379410341,14.1171327855,north_closed,1,False
1126,563,563.5,563.24,0.323665072512,9.43881362334,north_closed,1,False
1127,563.5,564,563.74,0.20290530678,5.28723015381,north_closed,1,False
1128,564,564.5,564.24,0.0835420747038,2.08716922573,center,0.84,True
1129,564.5,565,564.74,0.0106238195682,0.26341768795,center,1,False
1130,565,565.5,565.24,0,0,center,1,False
1131,565.5,566,565.74,0,0,center,1,False
1132,566,566.5,566.24,0,0,center,1,False
1133,566.5,567,566.74,0.169756629516,-0.975683180262,center,1,False
1134,567,567.5,567.24,0.695051056376,-4.19078507123,south_closed,0.8,True
1135,567.5,568,567.74,1.21898353926,-8.81474792714,south_closed,1,False
1136,568,568.5,568.24,1.28958867509,-13.9779044857,south_closed,1,False
1137,568.5,569,568.74,0.839487719706,-18.8105874846,south_closed,1,False
1138,569,569.5,569.24,0.272372737925,-22.4431296614,south_closed,1,False
1139,569.5,570,569.74,0.00166692736596,-24.005863754,south_closed,1,False
1140,570,570.5,570.24,0,-24.0154184983,south_closed,1,False
1141,570.5,571,570.74,0,-24.0154184983,south_closed,1,False
1142,571,571.5,571.24,0,-24.0154184983,south_closed,1,False
1143,571.5,572,571.74,0,-24.0154184983,south_closed,1,False
1144,572,572.5,572.24,-0.235944793355,-22.6558386782,south_closed,1,False
1145,572.5,573,572.74,-0.791699484206,-19.1568773929,south_closed,1,False
1146,573,573.5,573.24,-1.26949521997,-14.3882019045,south_closed,1,False
1147,573.5,574,573.74,-1.24590485048,-9.21947947546,south_closed,1,False
1148,574,574.5,574.24,-0.743464265563,-4.52037736808,south_closed,0.88,True
1149,574.5,575,574.74,-0.201695745793,-1.16056284467,center,1,False
1150,575,575.5,575.24,0,0,center,1,False
1151,575.5,576,575.74,0,0,center,1,False
1152,576,576.5,576.24,0,0,center,1,False
1153,576.5,577,576.74,-0.0207444750424,0.136310330023,center,1,False
1154,577,577.5,577.24,-0.319126001235,2.11666022684,center,0.76,True
1155,577.5,578,577.74,-0.835400985031,5.91222225997,north_closed,1,False
1156,578,578.5,578.24,-1.27216637772,10.8248379154,north_closed,1,False
1157,578.5,579,578.74,-1.31939612155,16.1563486793,north_closed,1,False
1158,579,579.5,579.24,-0.940674035291,21.2085960376,north_closed,1,False
1159,579.5,580,579.74,-0.412354619179,25.2834214763,north_closed,1,False
1160,580,580.5,580.24,-0.0538087221349,27.6826664815,north_closed,1,False
1161,580.5,581,580.74,0,28.0363182113,north_closed,1,False
1162,581,581.5,581.24,0,28.0363182113,north_closed,1,False
1163,581.5,582,581.74,0,28.0363182113,north_closed,1,False
1164,582,582.5,582.24,0,28.0363182113,north_closed,1,False
1165,582.5,583,582.74,0.0460152526773,27.7339094546,north_closed,1,False
1166,583,583.5,583.24,0.393054403435,25.4162093639,north_closed,1,False
1167,583.5,584,583.74,0.920006574282,21.395002499,north_closed,1,False
1168,584,584.5,584.24,1.31136402115,16.3684473741,north_closed,1,False
1169,584.5,585,584.74,1.28300008277,11.034702503,north_closed,1,False
1170,585,585.5,585.24,0.856794189698,6.09192639971,north_closed,1,False
1171,585.5,586,585.74,0.337086767406,2.23827757822,center,0.72,True
1172,586,586.5,586.24,0.0261623256338,0.171914552479,center,1,False
1173,586.5,587,586.74,0,0,center,1,False
1174,587,587.5,587.24,0.0440729833463,0.832769390129,center,1,False
1175,587.5,588,587.74,0.260914579928,5.20148796689,north_closed,0.92,True
1176,588,588.5,588.24,0.464918257801,11.8327997772,north_closed,1,False
1177,588.5,589,588.74,0.418765732338,19.0382024079,north_closed,1,False
1178,589,589.5,589.24,0.179800895918,25.129193446,north_closed,1,False
1179,589.5,590,589.74,0.00998496824013,28.4172704784,north_closed,1,False
1180,590,590.5,590.24,0,28.605689337,north_closed,1,False
1181,590.5,591,590.74,0,28.605689337,north_closed,1,False
1182,591,591.5,591.24,0,28.605689337,north_closed,1,False
1183,591.5,592,591.74,-0.00514236366092,28.5086567317,north_closed,1,False
1184,592,592.5,592.24,-0.160533049712,25.517756124,north_closed,1,False
1185,592.5,593,592.74,-0.403506951023,19.5888613175,north_closed,1,False
1186,593,593.5,593.24,-0.472180937385,12.4104747254,north_closed,1,False
1187,593.5,594,593.74,-0.281494883008,5.67109876069,north_closed,1,False
1188,594,594.5,594.24,-0.0560100572929,1.05923583644,center,1,False
1189,594.5,595,594.74,0,0,center,1,False
1190,595,595.5,595.24,0.10020288289,-0.257242495856,center,1,False
1191,595.5,596,595.74,1.17437297091,-3.16972457553,south_closed,0.56,True
1192,596,596.5,596.24,2.2190510253,-8.03456318113,south_closed,1,False
1193,596.5,597,596.74,1.70819313052,-13.224794541,south_closed,1,False
1194,597,597.5,597.24,0.419858573059,-17.1134548837,south_closed,1,False
1195,597.5,598,597.74,0,-18.1972817469,south_closed,1,False
1196,598,598.5,598.24,0,-18.1972817469,south_closed,1,False
1197,598.5,599,598.74,-0.204282830482,-17.6722974157,south_closed,1,False
1198,599,599.5,599.24,-1.39494044719,-14.3381063264,south_closed,1,False
1199,599.5,600,599.74,-2.25549869964,-9.31187291465,south_closed,1,False
